Date,Sender Name,Amount (PKR),Memo,Transaction ID
2026-06-25,Ali Raza,500,Trip Fee,TXN1001
2026-06-25,Sara Khan,500,trip,TXN1002
2026-06-25,Ahmed Ali,500,Class Trip,TXN1003
2026-06-25,A. Ali,500,trp,TXN1004
2026-06-25,Fatima Noor,500,,TXN1005
2026-06-25,Hassan Ahmed,500,Trip2026,TXN1006
2026-06-25,M. Khan,500,Trip Fee,TXN1007
2026-06-25,Zain Malik,500,Gift,TXN1008
2026-06-25,Ayesha Tariq,500,trip fee,TXN1009
2026-06-25,Umer Farooq,500,Trip,TXN1010
2026-06-25,Maryam Iqbal,500,ClassTrip,TXN1011
2026-06-25,Bilal Khan,500,,TXN1012
